Nombre,Cargo,SueldoBruto,DescSalud,DescAFP,LiquidoPago
a,ceo,2256,157.92000000000002,270.71999999999997,1827.36
bb,desarrollador,2030,142.10000000000002,243.6,1644.3000000000002
